Workbook

Sheet Stock
A1: Dragodinde | B1: Génération | C1: Mâles stock | D1: Femelles stock | E1: Couples stock | G1: Capacité session (individus) | H1: Capacité session (paires)
A2: Amande | B2: 1 | C2: 0 | D2: 0 | E2: =MIN(C2,D2) | G2: 250 | H2: =INT(G2/2)
A3: Doré | B3: 1 | C3: 0 | D3: 0 | E3: =MIN(C3,D3)
A4: Rousse | B4: 1 | C4: 0 | D4: 0 | E4: =MIN(C4,D4)
A5: Amande-Rousse | B5: 2 | C5: 0 | D5: 0 | E5: =MIN(C5,D5)
A6: Amande-Doré | B6: 2 | C6: 0 | D6: 0 | E6: =MIN(C6,D6)
A7: Doré-Rousse | B7: 2 | C7: 0 | D7: 0 | E7: =MIN(C7,D7)
A8: Ebène | B8: 3 | C8: 0 | D8: 0 | E8: =MIN(C8,D8)
A9: Indigo | B9: 3 | C9: 0 | D9: 0 | E9: =MIN(C9,D9)
A10: Ebène-Indigo | B10: 4 | C10: 0 | D10: 0 | E10: =MIN(C10,D10)
A11: Pourpre | B11: 5 | C11: 0 | D11: 0 | E11: =MIN(C11,D11)
A12: Orchidée | B12: 5 | C12: 0 | D12: 0 | E12: =MIN(C12,D12)
A13: Ebène-Orchidée | B13: 6 | C13: 0 | D13: 0 | E13: =MIN(C13,D13)
A14: Orchidée-Pourpre | B14: 6 | C14: 0 | D14: 0 | E14: =MIN(C14,D14)
... A23: Prune-Emeraude | B23: 10 | C23: 0 | D23: 0 | E23: =MIN(C23,D23)

Sheet Selection_auto
A1: Cible | B1: Gen | C1: Parent 1 | D1: Parent 2 | E1: Paires restantes avant | F1: P1 M restants | G1: P1 F restantes | H1: P2 M restants | I1: P2 F restantes | J1: Option A (P1F + P2M) | K1: Option B (P1M + P2F) | L1: Mode choisi | M1: Paires créées | N1: P1 M utilisés | O1: P1 F utilisées | P1: P2 M utilisés | Q1: P2 F utilisées | R1: Individus utilisés | T1: Paires planifiées | U1: Individus planifiés | V1: Paires G1 à ajouter
A2: Prune-Emeraude | B2: 10 | C2: Prune | D2: Emeraude | E2: =Stock!$H$2 | F2: =INDEX(Stock!$C$2:$C$23,MATCH(C2,Stock!$A$2:$A$23,0)) | G2: =INDEX(Stock!$D$2:$D$23,MATCH(C2,Stock!$A$2:$A$23,0)) | H2: =INDEX(Stock!$C$2:$C$23,MATCH(D2,Stock!$A$2:$A$23,0)) | I2: =INDEX(Stock!$D$2:$D$23,MATCH(D2,Stock!$A$2:$A$23,0)) | J2: =MAX(0,MIN(E2,G2,H2)) | K2: =MAX(0,MIN(E2,F2,I2)) | L2: =IF(J2>=K2,"P1F + P2M","P1M + P2F") | M2: =MAX(J2,K2) | N2: =IF(L2="P1M + P2F",M2,0) | O2: =IF(L2="P1F + P2M",M2,0) | P2: =IF(L2="P1F + P2M",M2,0) | Q2: =IF(L2="P1M + P2F",M2,0) | R2: =M2*2 | T2: =SUM(M2:M20) | U2: =SUM(R2:R20) | V2: =MAX(0,Stock!$H$2-T2)
A3: Prune | B3: 9 | C3: Ivoire-Turquoise | D3: Turquoise-Orchidée | E3: =MAX(0,E2-M2) | F3: =INDEX(Stock!$C$2:$C$23,MATCH(C3,Stock!$A$2:$A$23,0))-SUMIF($C$2:$C$2,C3,$N$2:$N$2)-SUMIF($D$2:$D$2,C3,$P$2:$P$2) | G3: =INDEX(Stock!$D$2:$D$23,MATCH(C3,Stock!$A$2:$A$23,0))-SUMIF($C$2:$C$2,C3,$O$2:$O$2)-SUMIF($D$2:$D$2,C3,$Q$2:$Q$2) | H3: =INDEX(Stock!$C$2:$C$23,MATCH(D3,Stock!$A$2:$A$23,0))-SUMIF($C$2:$C$2,D3,$N$2:$N$2)-SUMIF($D$2:$D$2,D3,$P$2:$P$2) | I3: =INDEX(Stock!$D$2:$D$23,MATCH(D3,Stock!$A$2:$A$23,0))-SUMIF($C$2:$C$2,D3,$O$2:$O$2)-SUMIF($D$2:$D$2,D3,$Q$2:$Q$2) | J3: =MAX(0,MIN(E3,G3,H3)) | K3: =MAX(0,MIN(E3,F3,I3)) | L3: =IF(J3>=K3,"P1F + P2M","P1M + P2F") | M3: =MAX(J3,K3) | N3: =IF(L3="P1M + P2F",M3,0) | O3: =IF(L3="P1F + P2M",M3,0) | P3: =IF(L3="P1F + P2M",M3,0) | Q3: =IF(L3="P1M + P2F",M3,0) | R3: =M3*2
A4: Emeraude | B4: 9 | C4: Ivoire-Turquoise | D4: Ivoire-Pourpre | E4: =MAX(0,E3-M3) | F4: =INDEX(Stock!$C$2:$C$23,MATCH(C4,Stock!$A$2:$A$23,0))-SUMIF($C$2:$C$3,C4,$N$2:$N$3)-SUMIF($D$2:$D$3,C4,$P$2:$P$3) | G4: =INDEX(Stock!$D$2:$D$23,MATCH(C4,Stock!$A$2:$A$23,0))-SUMIF($C$2:$C$3,C4,$O$2:$O$3)-SUMIF($D$2:$D$3,C4,$Q$2:$Q$3) | H4: =INDEX(Stock!$C$2:$C$23,MATCH(D4,Stock!$A$2:$A$23,0))-SUMIF($C$2:$C$3,D4,$N$2:$N$3)-SUMIF($D$2:$D$3,D4,$P$2:$P$3) | I4: =INDEX(Stock!$D$2:$D$23,MATCH(D4,Stock!$A$2:$A$23,0))-SUMIF($C$2:$C$3,D4,$O$2:$O$3)-SUMIF($D$2:$D$3,D4,$Q$2:$Q$3) | J4: =MAX(0,MIN(E4,G4,H4)) | K4: =MAX(0,MIN(E4,F4,I4)) | L4: =IF(J4>=K4,"P1F + P2M","P1M + P2F") | M4: =MAX(J4,K4) | N4: =IF(L4="P1M + P2F",M4,0) | O4: =IF(L4="P1F + P2M",M4,0) | P4: =IF(L4="P1F + P2M",M4,0) | Q4: =IF(L4="P1M + P2F",M4,0) | R4: =M4*2
A5: Ivoire-Turquoise | B5: 8 | C5: Ivoire | D5: Turquoise | E5: =MAX(0,E4-M4) | F5: =INDEX(Stock!$C$2:$C$23,MATCH(C5,Stock!$A$2:$A$23,0))-SUMIF($C$2:$C$4,C5,$N$2:$N$4)-SUMIF($D$2:$D$4,C5,$P$2:$P$4) | G5: =INDEX(Stock!$D$2:$D$23,MATCH(C5,Stock!$A$2:$A$23,0))-SUMIF($C$2:$C$4,C5,$O$2:$O$4)-SUMIF($D$2:$D$4,C5,$Q$2:$Q$4) | H5: =INDEX(Stock!$C$2:$C$23,MATCH(D5,Stock!$A$2:$A$23,0))-SUMIF($C$2:$C$4,D5,$N$2:$N$4)-SUMIF($D$2:$D$4,D5,$P$2:$P$4) | I5: =INDEX(Stock!$D$2:$D$23,MATCH(D5,Stock!$A$2:$A$23,0))-SUMIF($C$2:$C$4,D5,$O$2:$O$4)-SUMIF($D$2:$D$4,D5,$Q$2:$Q$4) | J5: =MAX(0,MIN(E5,G5,H5)) | K5: =MAX(0,MIN(E5,F5,I5)) | L5: =IF(J5>=K5,"P1F + P2M","P1M + P2F") | M5: =MAX(J5,K5) | N5: =IF(L5="P1M + P2F",M5,0) | O5: =IF(L5="P1F + P2M",M5,0) | P5: =IF(L5="P1F + P2M",M5,0) | Q5: =IF(L5="P1M + P2F",M5,0) | R5: =M5*2
A6: Ivoire-Pourpre | B6: 8 | C6: Ivoire | D6: Pourpre | E6: =MAX(0,E5-M5) | F6: =INDEX(Stock!$C$2:$C$23,MATCH(C6,Stock!$A$2:$A$23,0))-SUMIF($C$2:$C$5,C6,$N$2:$N$5)-SUMIF($D$2:$D$5,C6,$P$2:$P$5) | G6: =INDEX(Stock!$D$2:$D$23,MATCH(C6,Stock!$A$2:$A$23,0))-SUMIF($C$2:$C$5,C6,$O$2:$O$5)-SUMIF($D$2:$D$5,C6,$Q$2:$Q$5) | H6: =INDEX(Stock!$C$2:$C$23,MATCH(D6,Stock!$A$2:$A$23,0))-SUMIF($C$2:$C$5,D6,$N$2:$N$5)-SUMIF($D$2:$D$5,D6,$P$2:$P$5) | I6: =INDEX(Stock!$D$2:$D$23,MATCH(D6,Stock!$A$2:$A$23,0))-SUMIF($C$2:$C$5,D6,$O$2:$O$5)-SUMIF($D$2:$D$5,D6,$Q$2:$Q$5) | J6: =MAX(0,MIN(E6,G6,H6)) | K6: =MAX(0,MIN(E6,F6,I6)) | L6: =IF(J6>=K6,"P1F + P2M","P1M + P2F") | M6: =MAX(J6,K6) | N6: =IF(L6="P1M + P2F",M6,0) | O6: =IF(L6="P1F + P2M",M6,0) | P6: =IF(L6="P1F + P2M",M6,0) | Q6: =IF(L6="P1M + P2F",M6,0) | R6: =M6*2
A7: Turquoise-Orchidée | B7: 8 | C7: Turquoise | D7: Orchidée | E7: =MAX(0,E6-M6) | F7: =INDEX(Stock!$C$2:$C$23,MATCH(C7,Stock!$A$2:$A$23,0))-SUMIF($C$2:$C$6,C7,$N$2:$N$6)-SUMIF($D$2:$D$6,C7,$P$2:$P$6) | G7: =INDEX(Stock!$D$2:$D$23,MATCH(C7,Stock!$A$2:$A$23,0))-SUMIF($C$2:$C$6,C7,$O$2:$O$6)-SUMIF($D$2:$D$6,C7,$Q$2:$Q$6) | H7: =INDEX(Stock!$C$2:$C$23,MATCH(D7,Stock!$A$2:$A$23,0))-SUMIF($C$2:$C$6,D7,$N$2:$N$6)-SUMIF($D$2:$D$6,D7,$P$2:$P$6) | I7: =INDEX(Stock!$D$2:$D$23,MATCH(D7,Stock!$A$2:$A$23,0))-SUMIF($C$2:$C$6,D7,$O$2:$O$6)-SUMIF($D$2:$D$6,D7,$Q$2:$Q$6) | J7: =MAX(0,MIN(E7,G7,H7)) | K7: =MAX(0,MIN(E7,F7,I7)) | L7: =IF(J7>=K7,"P1F + P2M","P1M + P2F") | M7: =MAX(J7,K7) | N7: =IF(L7="P1M + P2F",M7,0) | O7: =IF(L7="P1F + P2M",M7,0) | P7: =IF(L7="P1F + P2M",M7,0) | Q7: =IF(L7="P1M + P2F",M7,0) | R7: =M7*2
A8: Turquoise | B8: 7 | C8: Ebène-Orchidée | D8: Orchidée-Pourpre | E8: =MAX(0,E7-M7) | F8: =INDEX(Stock!$C$2:$C$23,MATCH(C8,Stock!$A$2:$A$23,0))-SUMIF($C$2:$C$7,C8,$N$2:$N$7)-SUMIF($D$2:$D$7,C8,$P$2:$P$7) | G8: =INDEX(Stock!$D$2:$D$23,MATCH(C8,Stock!$A$2:$A$23,0))-SUMIF($C$2:$C$7,C8,$O$2:$O$7)-SUMIF($D$2:$D$7,C8,$Q$2:$Q$7) | H8: =INDEX(Stock!$C$2:$C$23,MATCH(D8,Stock!$A$2:$A$23,0))-SUMIF($C$2:$C$7,D8,$N$2:$N$7)-SUMIF($D$2:$D$7,D8,$P$2:$P$7) | I8: =INDEX(Stock!$D$2:$D$23,MATCH(D8,Stock!$A$2:$A$23,0))-SUMIF($C$2:$C$7,D8,$O$2:$O$7)-SUMIF($D$2:$D$7,D8,$Q$2:$Q$7) | J8: =MAX(0,MIN(E8,G8,H8)) | K8: =MAX(0,MIN(E8,F8,I8)) | L8: =IF(J8>=K8,"P1F + P2M","P1M + P2F") | M8: =MAX(J8,K8) | N8: =IF(L8="P1M + P2F",M8,0) | O8: =IF(L8="P1F + P2M",M8,0) | P8: =IF(L8="P1F + P2M",M8,0) | Q8: =IF(L8="P1M + P2F",M8,0) | R8: =M8*2
A9: Ivoire | B9: 7 | C9: Indigo-Pourpre | D9: Orchidée-Pourpre | E9: =MAX(0,E8-M8) | F9: =INDEX(Stock!$C$2:$C$23,MATCH(C9,Stock!$A$2:$A$23,0))-SUMIF($C$2:$C$8,C9,$N$2:$N$8)-SUMIF($D$2:$D$8,C9,$P$2:$P$8) | G9: =INDEX(Stock!$D$2:$D$23,MATCH(C9,Stock!$A$2:$A$23,0))-SUMIF($C$2:$C$8,C9,$O$2:$O$8)-SUMIF($D$2:$D$8,C9,$Q$2:$Q$8) | H9: =INDEX(Stock!$C$2:$C$23,MATCH(D9,Stock!$A$2:$A$23,0))-SUMIF($C$2:$C$8,D9,$N$2:$N$8)-SUMIF($D$2:$D$8,D9,$P$2:$P$8) | I9: =INDEX(Stock!$D$2:$D$23,MATCH(D9,Stock!$A$2:$A$23,0))-SUMIF($C$2:$C$8,D9,$O$2:$O$8)-SUMIF($D$2:$D$8,D9,$Q$2:$Q$8) | J9: =MAX(0,MIN(E9,G9,H9)) | K9: =MAX(0,MIN(E9,F9,I9)) | L9: =IF(J9>=K9,"P1F + P2M","P1M + P2F") | M9: =MAX(J9,K9) | N9: =IF(L9="P1M + P2F",M9,0) | O9: =IF(L9="P1F + P2M",M9,0) | P9: =IF(L9="P1F + P2M",M9,0) | Q9: =IF(L9="P1M + P2F",M9,0) | R9: =M9*2
A10: Ebène-Orchidée | B10: 6 | C10: Ebène | D10: Orchidée | E10: =MAX(0,E9-M9) | F10: =INDEX(Stock!$C$2:$C$23,MATCH(C10,Stock!$A$2:$A$23,0))-SUMIF($C$2:$C$9,C10,$N$2:$N$9)-SUMIF($D$2:$D$9,C10,$P$2:$P$9) | G10: =INDEX(Stock!$D$2:$D$23,MATCH(C10,Stock!$A$2:$A$23,0))-SUMIF($C$2:$C$9,C10,$O$2:$O$9)-SUMIF($D$2:$D$9,C10,$Q$2:$Q$9) | H10: =INDEX(Stock!$C$2:$C$23,MATCH(D10,Stock!$A$2:$A$23,0))-SUMIF($C$2:$C$9,D10,$N$2:$N$9)-SUMIF($D$2:$D$9,D10,$P$2:$P$9) | I10: =INDEX(Stock!$D$2:$D$23,MATCH(D10,Stock!$A$2:$A$23,0))-SUMIF($C$2:$C$9,D10,$O$2:$O$9)-SUMIF($D$2:$D$9,D10,$Q$2:$Q$9) | J10: =MAX(0,MIN(E10,G10,H10)) | K10: =MAX(0,MIN(E10,F10,I10)) | L10: =IF(J10>=K10,"P1F + P2M","P1M + P2F") | M10: =MAX(J10,K10) | N10: =IF(L10="P1M + P2F",M10,0) | O10: =IF(L10="P1F + P2M",M10,0) | P10: =IF(L10="P1F + P2M",M10,0) | Q10: =IF(L10="P1M + P2F",M10,0) | R10: =M10*2
A11: Orchidée-Pourpre | B11: 6 | C11: Orchidée | D11: Pourpre | E11: =MAX(0,E10-M10) | F11: =INDEX(Stock!$C$2:$C$23,MATCH(C11,Stock!$A$2:$A$23,0))-SUMIF($C$2:$C$10,C11,$N$2:$N$10)-SUMIF($D$2:$D$10,C11,$P$2:$P$10) | G11: =INDEX(Stock!$D$2:$D$23,MATCH(C11,Stock!$A$2:$A$23,0))-SUMIF($C$2:$C$10,C11,$O$2:$O$10)-SUMIF($D$2:$D$10,C11,$Q$2:$Q$10) | H11: =INDEX(Stock!$C$2:$C$23,MATCH(D11,Stock!$A$2:$A$23,0))-SUMIF($C$2:$C$10,D11,$N$2:$N$10)-SUMIF($D$2:$D$10,D11,$P$2:$P$10) | I11: =INDEX(Stock!$D$2:$D$23,MATCH(D11,Stock!$A$2:$A$23,0))-SUMIF($C$2:$C$10,D11,$O$2:$O$10)-SUMIF($D$2:$D$10,D11,$Q$2:$Q$10) | J11: =MAX(0,MIN(E11,G11,H11)) | K11: =MAX(0,MIN(E11,F11,I11)) | L11: =IF(J11>=K11,"P1F + P2M","P1M + P2F") | M11: =MAX(J11,K11) | N11: =IF(L11="P1M + P2F",M11,0) | O11: =IF(L11="P1F + P2M",M11,0) | P11: =IF(L11="P1F + P2M",M11,0) | Q11: =IF(L11="P1M + P2F",M11,0) | R11: =M11*2
A12: Indigo-Pourpre | B12: 6 | C12: Indigo | D12: Pourpre | E12: =MAX(0,E11-M11) | F12: =INDEX(Stock!$C$2:$C$23,MATCH(C12,Stock!$A$2:$A$23,0))-SUMIF($C$2:$C$11,C12,$N$2:$N$11)-SUMIF($D$2:$D$11,C12,$P$2:$P$11) | G12: =INDEX(Stock!$D$2:$D$23,MATCH(C12,Stock!$A$2:$A$23,0))-SUMIF($C$2:$C$11,C12,$O$2:$O$11)-SUMIF($D$2:$D$11,C12,$Q$2:$Q$11) | H12: =INDEX(Stock!$C$2:$C$23,MATCH(D12,Stock!$A$2:$A$23,0))-SUMIF($C$2:$C$11,D12,$N$2:$N$11)-SUMIF($D$2:$D$11,D12,$P$2:$P$11) | I12: =INDEX(Stock!$D$2:$D$23,MATCH(D12,Stock!$A$2:$A$23,0))-SUMIF($C$2:$C$11,D12,$O$2:$O$11)-SUMIF($D$2:$D$11,D12,$Q$2:$Q$11) | J12: =MAX(0,MIN(E12,G12,H12)) | K12: =MAX(0,MIN(E12,F12,I12)) | L12: =IF(J12>=K12,"P1F + P2M","P1M + P2F") | M12: =MAX(J12,K12) | N12: =IF(L12="P1M + P2F",M12,0) | O12: =IF(L12="P1F + P2M",M12,0) | P12: =IF(L12="P1F + P2M",M12,0) | Q12: =IF(L12="P1M + P2F",M12,0) | R12: =M12*2
A13: Pourpre | B13: 5 | C13: Amande-Rousse | D13: Ebène-Indigo | E13: =MAX(0,E12-M12) | F13: =INDEX(Stock!$C$2:$C$23,MATCH(C13,Stock!$A$2:$A$23,0))-SUMIF($C$2:$C$12,C13,$N$2:$N$12)-SUMIF($D$2:$D$12,C13,$P$2:$P$12) | G13: =INDEX(Stock!$D$2:$D$23,MATCH(C13,Stock!$A$2:$A$23,0))-SUMIF($C$2:$C$12,C13,$O$2:$O$12)-SUMIF($D$2:$D$12,C13,$Q$2:$Q$12) | H13: =INDEX(Stock!$C$2:$C$23,MATCH(D13,Stock!$A$2:$A$23,0))-SUMIF($C$2:$C$12,D13,$N$2:$N$12)-SUMIF($D$2:$D$12,D13,$P$2:$P$12) | I13: =INDEX(Stock!$D$2:$D$23,MATCH(D13,Stock!$A$2:$A$23,0))-SUMIF($C$2:$C$12,D13,$O$2:$O$12)-SUMIF($D$2:$D$12,D13,$Q$2:$Q$12) | J13: =MAX(0,MIN(E13,G13,H13)) | K13: =MAX(0,MIN(E13,F13,I13)) | L13: =IF(J13>=K13,"P1F + P2M","P1M + P2F") | M13: =MAX(J13,K13) | N13: =IF(L13="P1M + P2F",M13,0) | O13: =IF(L13="P1F + P2M",M13,0) | P13: =IF(L13="P1F + P2M",M13,0) | Q13: =IF(L13="P1M + P2F",M13,0) | R13: =M13*2
A14: Orchidée | B14: 5 | C14: Doré-Rousse | D14: Ebène-Indigo | E14: =MAX(0,E13-M13) | F14: =INDEX(Stock!$C$2:$C$23,MATCH(C14,Stock!$A$2:$A$23,0))-SUMIF($C$2:$C$13,C14,$N$2:$N$13)-SUMIF($D$2:$D$13,C14,$P$2:$P$13) | G14: =INDEX(Stock!$D$2:$D$23,MATCH(C14,Stock!$A$2:$A$23,0))-SUMIF($C$2:$C$13,C14,$O$2:$O$13)-SUMIF($D$2:$D$13,C14,$Q$2:$Q$13) | H14: =INDEX(Stock!$C$2:$C$23,MATCH(D14,Stock!$A$2:$A$23,0))-SUMIF($C$2:$C$13,D14,$N$2:$N$13)-SUMIF($D$2:$D$13,D14,$P$2:$P$13) | I14: =INDEX(Stock!$D$2:$D$23,MATCH(D14,Stock!$A$2:$A$23,0))-SUMIF($C$2:$C$13,D14,$O$2:$O$13)-SUMIF($D$2:$D$13,D14,$Q$2:$Q$13) | J14: =MAX(0,MIN(E14,G14,H14)) | K14: =MAX(0,MIN(E14,F14,I14)) | L14: =IF(J14>=K14,"P1F + P2M","P1M + P2F") | M14: =MAX(J14,K14) | N14: =IF(L14="P1M + P2F",M14,0) | O14: =IF(L14="P1F + P2M",M14,0) | P14: =IF(L14="P1F + P2M",M14,0) | Q14: =IF(L14="P1M + P2F",M14,0) | R14: =M14*2
A15: Ebène-Indigo | B15: 4 | C15: Ebène | D15: Indigo | E15: =MAX(0,E14-M14) | F15: =INDEX(Stock!$C$2:$C$23,MATCH(C15,Stock!$A$2:$A$23,0))-SUMIF($C$2:$C$14,C15,$N$2:$N$14)-SUMIF($D$2:$D$14,C15,$P$2:$P$14) | G15: =INDEX(Stock!$D$2:$D$23,MATCH(C15,Stock!$A$2:$A$23,0))-SUMIF($C$2:$C$14,C15,$O$2:$O$14)-SUMIF($D$2:$D$14,C15,$Q$2:$Q$14) | H15: =INDEX(Stock!$C$2:$C$23,MATCH(D15,Stock!$A$2:$A$23,0))-SUMIF($C$2:$C$14,D15,$N$2:$N$14)-SUMIF($D$2:$D$14,D15,$P$2:$P$14) | I15: =INDEX(Stock!$D$2:$D$23,MATCH(D15,Stock!$A$2:$A$23,0))-SUMIF($C$2:$C$14,D15,$O$2:$O$14)-SUMIF($D$2:$D$14,D15,$Q$2:$Q$14) | J15: =MAX(0,MIN(E15,G15,H15)) | K15: =MAX(0,MIN(E15,F15,I15)) | L15: =IF(J15>=K15,"P1F + P2M","P1M + P2F") | M15: =MAX(J15,K15) | N15: =IF(L15="P1M + P2F",M15,0) | O15: =IF(L15="P1F + P2M",M15,0) | P15: =IF(L15="P1F + P2M",M15,0) | Q15: =IF(L15="P1M + P2F",M15,0) | R15: =M15*2
A16: Ebène | B16: 3 | C16: Amande-Doré | D16: Doré-Rousse | E16: =MAX(0,E15-M15) | F16: =INDEX(Stock!$C$2:$C$23,MATCH(C16,Stock!$A$2:$A$23,0))-SUMIF($C$2:$C$15,C16,$N$2:$N$15)-SUMIF($D$2:$D$15,C16,$P$2:$P$15) | G16: =INDEX(Stock!$D$2:$D$23,MATCH(C16,Stock!$A$2:$A$23,0))-SUMIF($C$2:$C$15,C16,$O$2:$O$15)-SUMIF($D$2:$D$15,C16,$Q$2:$Q$15) | H16: =INDEX(Stock!$C$2:$C$23,MATCH(D16,Stock!$A$2:$A$23,0))-SUMIF($C$2:$C$15,D16,$N$2:$N$15)-SUMIF($D$2:$D$15,D16,$P$2:$P$15) | I16: =INDEX(Stock!$D$2:$D$23,MATCH(D16,Stock!$A$2:$A$23,0))-SUMIF($C$2:$C$15,D16,$O$2:$O$15)-SUMIF($D$2:$D$15,D16,$Q$2:$Q$15) | J16: =MAX(0,MIN(E16,G16,H16)) | K16: =MAX(0,MIN(E16,F16,I16)) | L16: =IF(J16>=K16,"P1F + P2M","P1M + P2F") | M16: =MAX(J16,K16) | N16: =IF(L16="P1M + P2F",M16,0) | O16: =IF(L16="P1F + P2M",M16,0) | P16: =IF(L16="P1F + P2M",M16,0) | Q16: =IF(L16="P1M + P2F",M16,0) | R16: =M16*2
A17: Indigo | B17: 3 | C17: Amande-Doré | D17: Amande-Rousse | E17: =MAX(0,E16-M16) | F17: =INDEX(Stock!$C$2:$C$23,MATCH(C17,Stock!$A$2:$A$23,0))-SUMIF($C$2:$C$16,C17,$N$2:$N$16)-SUMIF($D$2:$D$16,C17,$P$2:$P$16) | G17: =INDEX(Stock!$D$2:$D$23,MATCH(C17,Stock!$A$2:$A$23,0))-SUMIF($C$2:$C$16,C17,$O$2:$O$16)-SUMIF($D$2:$D$16,C17,$Q$2:$Q$16) | H17: =INDEX(Stock!$C$2:$C$23,MATCH(D17,Stock!$A$2:$A$23,0))-SUMIF($C$2:$C$16,D17,$N$2:$N$16)-SUMIF($D$2:$D$16,D17,$P$2:$P$16) | I17: =INDEX(Stock!$D$2:$D$23,MATCH(D17,Stock!$A$2:$A$23,0))-SUMIF($C$2:$C$16,D17,$O$2:$O$16)-SUMIF($D$2:$D$16,D17,$Q$2:$Q$16) | J17: =MAX(0,MIN(E17,G17,H17)) | K17: =MAX(0,MIN(E17,F17,I17)) | L17: =IF(J17>=K17,"P1F + P2M","P1M + P2F") | M17: =MAX(J17,K17) | N17: =IF(L17="P1M + P2F",M17,0) | O17: =IF(L17="P1F + P2M",M17,0) | P17: =IF(L17="P1F + P2M",M17,0) | Q17: =IF(L17="P1M + P2F",M17,0) | R17: =M17*2
A18: Amande-Rousse | B18: 2 | C18: Amande | D18: Rousse | E18: =MAX(0,E17-M17) | F18: =INDEX(Stock!$C$2:$C$23,MATCH(C18,Stock!$A$2:$A$23,0))-SUMIF($C$2:$C$17,C18,$N$2:$N$17)-SUMIF($D$2:$D$17,C18,$P$2:$P$17) | G18: =INDEX(Stock!$D$2:$D$23,MATCH(C18,Stock!$A$2:$A$23,0))-SUMIF($C$2:$C$17,C18,$O$2:$O$17)-SUMIF($D$2:$D$17,C18,$Q$2:$Q$17) | H18: =INDEX(Stock!$C$2:$C$23,MATCH(D18,Stock!$A$2:$A$23,0))-SUMIF($C$2:$C$17,D18,$N$2:$N$17)-SUMIF($D$2:$D$17,D18,$P$2:$P$17) | I18: =INDEX(Stock!$D$2:$D$23,MATCH(D18,Stock!$A$2:$A$23,0))-SUMIF($C$2:$C$17,D18,$O$2:$O$17)-SUMIF($D$2:$D$17,D18,$Q$2:$Q$17) | J18: =MAX(0,MIN(E18,G18,H18)) | K18: =MAX(0,MIN(E18,F18,I18)) | L18: =IF(J18>=K18,"P1F + P2M","P1M + P2F") | M18: =MAX(J18,K18) | N18: =IF(L18="P1M + P2F",M18,0) | O18: =IF(L18="P1F + P2M",M18,0) | P18: =IF(L18="P1F + P2M",M18,0) | Q18: =IF(L18="P1M + P2F",M18,0) | R18: =M18*2
A19: Amande-Doré | B19: 2 | C19: Amande | D19: Doré | E19: =MAX(0,E18-M18) | F19: =INDEX(Stock!$C$2:$C$23,MATCH(C19,Stock!$A$2:$A$23,0))-SUMIF($C$2:$C$18,C19,$N$2:$N$18)-SUMIF($D$2:$D$18,C19,$P$2:$P$18) | G19: =INDEX(Stock!$D$2:$D$23,MATCH(C19,Stock!$A$2:$A$23,0))-SUMIF($C$2:$C$18,C19,$O$2:$O$18)-SUMIF($D$2:$D$18,C19,$Q$2:$Q$18) | H19: =INDEX(Stock!$C$2:$C$23,MATCH(D19,Stock!$A$2:$A$23,0))-SUMIF($C$2:$C$18,D19,$N$2:$N$18)-SUMIF($D$2:$D$18,D19,$P$2:$P$18) | I19: =INDEX(Stock!$D$2:$D$23,MATCH(D19,Stock!$A$2:$A$23,0))-SUMIF($C$2:$C$18,D19,$O$2:$O$18)-SUMIF($D$2:$D$18,D19,$Q$2:$Q$18) | J19: =MAX(0,MIN(E19,G19,H19)) | K19: =MAX(0,MIN(E19,F19,I19)) | L19: =IF(J19>=K19,"P1F + P2M","P1M + P2F") | M19: =MAX(J19,K19) | N19: =IF(L19="P1M + P2F",M19,0) | O19: =IF(L19="P1F + P2M",M19,0) | P19: =IF(L19="P1F + P2M",M19,0) | Q19: =IF(L19="P1M + P2F",M19,0) | R19: =M19*2
A20: Doré-Rousse | B20: 2 | C20: Doré | D20: Rousse | E20: =MAX(0,E19-M19) | F20: =INDEX(Stock!$C$2:$C$23,MATCH(C20,Stock!$A$2:$A$23,0))-SUMIF($C$2:$C$19,C20,$N$2:$N$19)-SUMIF($D$2:$D$19,C20,$P$2:$P$19) | G20: =INDEX(Stock!$D$2:$D$23,MATCH(C20,Stock!$A$2:$A$23,0))-SUMIF($C$2:$C$19,C20,$O$2:$O$19)-SUMIF($D$2:$D$19,C20,$Q$2:$Q$19) | H20: =INDEX(Stock!$C$2:$C$23,MATCH(D20,Stock!$A$2:$A$23,0))-SUMIF($C$2:$C$19,D20,$N$2:$N$19)-SUMIF($D$2:$D$19,D20,$P$2:$P$19) | I20: =INDEX(Stock!$D$2:$D$23,MATCH(D20,Stock!$A$2:$A$23,0))-SUMIF($C$2:$C$19,D20,$O$2:$O$19)-SUMIF($D$2:$D$19,D20,$Q$2:$Q$19) | J20: =MAX(0,MIN(E20,G20,H20)) | K20: =MAX(0,MIN(E20,F20,I20)) | L20: =IF(J20>=K20,"P1F + P2M","P1M + P2F") | M20: =MAX(J20,K20) | N20: =IF(L20="P1M + P2F",M20,0) | O20: =IF(L20="P1F + P2M",M20,0) | P20: =IF(L20="P1F + P2M",M20,0) | Q20: =IF(L20="P1M + P2F",M20,0) | R20: =M20*2

Sheet Tableau_final
A1: Dragodinde | B1: Gen | C1: Mâles stock | D1: Femelles stock | E1: Mâles pris du stock | F1: Femelles prises du stock | G1: Mâles ajoutés G1 | H1: Femelles ajoutées G1 | I1: Mâles à prendre total | J1: Femelles à prendre total | K1: Total individus | L1: % cible G10 | M1: % sélection actuelle | N1: Écart vs cible | O1: Paires cibles | P1: Écart paires | Q1: Paires stock | R1: Paires cibles G10 | S1: Paires reco stock | T1: Individus reco stock | U1: Écart paires stock vs cible | V1: Règle
A2: Amande | B2: 1 | C2: =Stock!C2 | D2: =Stock!D2 | E2: =SUMIF(Selection_auto!$C$2:$C$20,A2,Selection_auto!$N$2:$N$20)+SUMIF(Selection_auto!$D$2:$D$20,A2,Selection_auto!$P$2:$P$20) | F2: =SUMIF(Selection_auto!$C$2:$C$20,A2,Selection_auto!$O$2:$O$20)+SUMIF(Selection_auto!$D$2:$D$20,A2,Selection_auto!$Q$2:$Q$20) | G2: =INT(Selection_auto!$V$2*79/224) | H2: =INT(Selection_auto!$V$2*79/224) | I2: =E2+G2 | J2: =F2+H2 | K2: =I2+J2 | L2: =IFERROR(VLOOKUP(A2,Ratios_G10!$A$2:$D$22,4,FALSE),0) | M2: =IF($K$25=0,0,K2/$K$25) | N2: =M2-L2 | O2: =ROUND(L2*($K$25/2),0) | P2: =(K2/2)-O2 | Q2: =MIN(C2,D2) | R2: =ROUND(IFERROR(VLOOKUP(A2,Ratios_G10!$A$2:$F$22,4,FALSE),0)*125,0) | S2: =IF(B2=1,0,MIN(Q2,R2)) | T2: =S2*2 | U2: =Q2-R2 | V2: =IF(B2=1,"Auto-fill G1 seulement","Prendre selon stock/cible")
A3: Doré | B3: 1 | C3: =Stock!C3 | D3: =Stock!D3 | E3: =SUMIF(Selection_auto!$C$2:$C$20,A3,Selection_auto!$N$2:$N$20)+SUMIF(Selection_auto!$D$2:$D$20,A3,Selection_auto!$P$2:$P$20) | F3: =SUMIF(Selection_auto!$C$2:$C$20,A3,Selection_auto!$O$2:$O$20)+SUMIF(Selection_auto!$D$2:$D$20,A3,Selection_auto!$Q$2:$Q$20) | G3: =INT(Selection_auto!$V$2*79/224) | H3: =INT(Selection_auto!$V$2*79/224) | I3: =E3+G3 | J3: =F3+H3 | K3: =I3+J3 | L3: =IFERROR(VLOOKUP(A3,Ratios_G10!$A$2:$D$22,4,FALSE),0) | M3: =IF($K$25=0,0,K3/$K$25) | N3: =M3-L3 | O3: =ROUND(L3*($K$25/2),0) | P3: =(K3/2)-O3 | Q3: =MIN(C3,D3) | R3: =ROUND(IFERROR(VLOOKUP(A3,Ratios_G10!$A$2:$F$22,4,FALSE),0)*125,0) | S3: =IF(B3=1,0,MIN(Q3,R3)) | T3: =S3*2 | U3: =Q3-R3 | V3: =IF(B3=1,"Auto-fill G1 seulement","Prendre selon stock/cible")
A4: Rousse | B4: 1 | C4: =Stock!C4 | D4: =Stock!D4 | E4: =SUMIF(Selection_auto!$C$2:$C$20,A4,Selection_auto!$N$2:$N$20)+SUMIF(Selection_auto!$D$2:$D$20,A4,Selection_auto!$P$2:$P$20) | F4: =SUMIF(Selection_auto!$C$2:$C$20,A4,Selection_auto!$O$2:$O$20)+SUMIF(Selection_auto!$D$2:$D$20,A4,Selection_auto!$Q$2:$Q$20) | G4: =Selection_auto!$V$2 - SUM(G2:G3) | H4: =Selection_auto!$V$2 - SUM(H2:H3) | I4: =E4+G4 | J4: =F4+H4 | K4: =I4+J4 | L4: =IFERROR(VLOOKUP(A4,Ratios_G10!$A$2:$D$22,4,FALSE),0) | M4: =IF($K$25=0,0,K4/$K$25) | N4: =M4-L4 | O4: =ROUND(L4*($K$25/2),0) | P4: =(K4/2)-O4 | Q4: =MIN(C4,D4) | R4: =ROUND(IFERROR(VLOOKUP(A4,Ratios_G10!$A$2:$F$22,4,FALSE),0)*125,0) | S4: =IF(B4=1,0,MIN(Q4,R4)) | T4: =S4*2 | U4: =Q4-R4 | V4: =IF(B4=1,"Auto-fill G1 seulement","Prendre selon stock/cible")
A5: Amande-Rousse | B5: 2 | C5: =Stock!C5 | D5: =Stock!D5 | E5: =SUMIF(Selection_auto!$C$2:$C$20,A5,Selection_auto!$N$2:$N$20)+SUMIF(Selection_auto!$D$2:$D$20,A5,Selection_auto!$P$2:$P$20) | F5: =SUMIF(Selection_auto!$C$2:$C$20,A5,Selection_auto!$O$2:$O$20)+SUMIF(Selection_auto!$D$2:$D$20,A5,Selection_auto!$Q$2:$Q$20) | G5: =0 | H5: =0 | I5: =E5+G5 | J5: =F5+H5 | K5: =I5+J5 | L5: =IFERROR(VLOOKUP(A5,Ratios_G10!$A$2:$D$22,4,FALSE),0) | M5: =IF($K$25=0,0,K5/$K$25) | N5: =M5-L5 | O5: =ROUND(L5*($K$25/2),0) | P5: =(K5/2)-O5 | Q5: =MIN(C5,D5) | R5: =ROUND(IFERROR(VLOOKUP(A5,Ratios_G10!$A$2:$F$22,4,FALSE),0)*125,0) | S5: =IF(B5=1,0,MIN(Q5,R5)) | T5: =S5*2 | U5: =Q5-R5 | V5: =IF(B5=1,"Auto-fill G1 seulement","Prendre selon stock/cible")
A6: Amande-Doré | B6: 2 | C6: =Stock!C6 | D6: =Stock!D6 | E6: =SUMIF(Selection_auto!$C$2:$C$20,A6,Selection_auto!$N$2:$N$20)+SUMIF(Selection_auto!$D$2:$D$20,A6,Selection_auto!$P$2:$P$20) | F6: =SUMIF(Selection_auto!$C$2:$C$20,A6,Selection_auto!$O$2:$O$20)+SUMIF(Selection_auto!$D$2:$D$20,A6,Selection_auto!$Q$2:$Q$20) | G6: =0 | H6: =0 | I6: =E6+G6 | J6: =F6+H6 | K6: =I6+J6 | L6: =IFERROR(VLOOKUP(A6,Ratios_G10!$A$2:$D$22,4,FALSE),0) | M6: =IF($K$25=0,0,K6/$K$25) | N6: =M6-L6 | O6: =ROUND(L6*($K$25/2),0) | P6: =(K6/2)-O6 | Q6: =MIN(C6,D6) | R6: =ROUND(IFERROR(VLOOKUP(A6,Ratios_G10!$A$2:$F$22,4,FALSE),0)*125,0) | S6: =IF(B6=1,0,MIN(Q6,R6)) | T6: =S6*2 | U6: =Q6-R6 | V6: =IF(B6=1,"Auto-fill G1 seulement","Prendre selon stock/cible")
A7: Doré-Rousse | B7: 2 | C7: =Stock!C7 | D7: =Stock!D7 | E7: =SUMIF(Selection_auto!$C$2:$C$20,A7,Selection_auto!$N$2:$N$20)+SUMIF(Selection_auto!$D$2:$D$20,A7,Selection_auto!$P$2:$P$20) | F7: =SUMIF(Selection_auto!$C$2:$C$20,A7,Selection_auto!$O$2:$O$20)+SUMIF(Selection_auto!$D$2:$D$20,A7,Selection_auto!$Q$2:$Q$20) | G7: =0 | H7: =0 | I7: =E7+G7 | J7: =F7+H7 | K7: =I7+J7 | L7: =IFERROR(VLOOKUP(A7,Ratios_G10!$A$2:$D$22,4,FALSE),0) | M7: =IF($K$25=0,0,K7/$K$25) | N7: =M7-L7 | O7: =ROUND(L7*($K$25/2),0) | P7: =(K7/2)-O7 | Q7: =MIN(C7,D7) | R7: =ROUND(IFERROR(VLOOKUP(A7,Ratios_G10!$A$2:$F$22,4,FALSE),0)*125,0) | S7: =IF(B7=1,0,MIN(Q7,R7)) | T7: =S7*2 | U7: =Q7-R7 | V7: =IF(B7=1,"Auto-fill G1 seulement","Prendre selon stock/cible")
A8: Ebène | B8: 3 | C8: =Stock!C8 | D8: =Stock!D8 | E8: =SUMIF(Selection_auto!$C$2:$C$20,A8,Selection_auto!$N$2:$N$20)+SUMIF(Selection_auto!$D$2:$D$20,A8,Selection_auto!$P$2:$P$20) | F8: =SUMIF(Selection_auto!$C$2:$C$20,A8,Selection_auto!$O$2:$O$20)+SUMIF(Selection_auto!$D$2:$D$20,A8,Selection_auto!$Q$2:$Q$20) | G8: =0 | H8: =0 | I8: =E8+G8 | J8: =F8+H8 | K8: =I8+J8 | L8: =IFERROR(VLOOKUP(A8,Ratios_G10!$A$2:$D$22,4,FALSE),0) | M8: =IF($K$25=0,0,K8/$K$25) | N8: =M8-L8 | O8: =ROUND(L8*($K$25/2),0) | P8: =(K8/2)-O8 | Q8: =MIN(C8,D8) | R8: =ROUND(IFERROR(VLOOKUP(A8,Ratios_G10!$A$2:$F$22,4,FALSE),0)*125,0) | S8: =IF(B8=1,0,MIN(Q8,R8)) | T8: =S8*2 | U8: =Q8-R8 | V8: =IF(B8=1,"Auto-fill G1 seulement","Prendre selon stock/cible")
A9: Indigo | B9: 3 | C9: =Stock!C9 | D9: =Stock!D9 | E9: =SUMIF(Selection_auto!$C$2:$C$20,A9,Selection_auto!$N$2:$N$20)+SUMIF(Selection_auto!$D$2:$D$20,A9,Selection_auto!$P$2:$P$20) | F9: =SUMIF(Selection_auto!$C$2:$C$20,A9,Selection_auto!$O$2:$O$20)+SUMIF(Selection_auto!$D$2:$D$20,A9,Selection_auto!$Q$2:$Q$20) | G9: =0 | H9: =0 | I9: =E9+G9 | J9: =F9+H9 | K9: =I9+J9 | L9: =IFERROR(VLOOKUP(A9,Ratios_G10!$A$2:$D$22,4,FALSE),0) | M9: =IF($K$25=0,0,K9/$K$25) | N9: =M9-L9 | O9: =ROUND(L9*($K$25/2),0) | P9: =(K9/2)-O9 | Q9: =MIN(C9,D9) | R9: =ROUND(IFERROR(VLOOKUP(A9,Ratios_G10!$A$2:$F$22,4,FALSE),0)*125,0) | S9: =IF(B9=1,0,MIN(Q9,R9)) | T9: =S9*2 | U9: =Q9-R9 | V9: =IF(B9=1,"Auto-fill G1 seulement","Prendre selon stock/cible")
A10: Ebène-Indigo | B10: 4 | C10: =Stock!C10 | D10: =Stock!D10 | E10: =SUMIF(Selection_auto!$C$2:$C$20,A10,Selection_auto!$N$2:$N$20)+SUMIF(Selection_auto!$D$2:$D$20,A10,Selection_auto!$P$2:$P$20) | F10: =SUMIF(Selection_auto!$C$2:$C$20,A10,Selection_auto!$O$2:$O$20)+SUMIF(Selection_auto!$D$2:$D$20,A10,Selection_auto!$Q$2:$Q$20) | G10: =0 | H10: =0 | I10: =E10+G10 | J10: =F10+H10 | K10: =I10+J10 | L10: =IFERROR(VLOOKUP(A10,Ratios_G10!$A$2:$D$22,4,FALSE),0) | M10: =IF($K$25=0,0,K10/$K$25) | N10: =M10-L10 | O10: =ROUND(L10*($K$25/2),0) | P10: =(K10/2)-O10 | Q10: =MIN(C10,D10) | R10: =ROUND(IFERROR(VLOOKUP(A10,Ratios_G10!$A$2:$F$22,4,FALSE),0)*125,0) | S10: =IF(B10=1,0,MIN(Q10,R10)) | T10: =S10*2 | U10: =Q10-R10 | V10: =IF(B10=1,"Auto-fill G1 seulement","Prendre selon stock/cible")
A11: Pourpre | B11: 5 | C11: =Stock!C11 | D11: =Stock!D11 | E11: =SUMIF(Selection_auto!$C$2:$C$20,A11,Selection_auto!$N$2:$N$20)+SUMIF(Selection_auto!$D$2:$D$20,A11,Selection_auto!$P$2:$P$20) | F11: =SUMIF(Selection_auto!$C$2:$C$20,A11,Selection_auto!$O$2:$O$20)+SUMIF(Selection_auto!$D$2:$D$20,A11,Selection_auto!$Q$2:$Q$20) | G11: =0 | H11: =0 | I11: =E11+G11 | J11: =F11+H11 | K11: =I11+J11 | L11: =IFERROR(VLOOKUP(A11,Ratios_G10!$A$2:$D$22,4,FALSE),0) | M11: =IF($K$25=0,0,K11/$K$25) | N11: =M11-L11 | O11: =ROUND(L11*($K$25/2),0) | P11: =(K11/2)-O11 | Q11: =MIN(C11,D11) | R11: =ROUND(IFERROR(VLOOKUP(A11,Ratios_G10!$A$2:$F$22,4,FALSE),0)*125,0) | S11: =IF(B11=1,0,MIN(Q11,R11)) | T11: =S11*2 | U11: =Q11-R11 | V11: =IF(B11=1,"Auto-fill G1 seulement","Prendre selon stock/cible")
A12: Orchidée | B12: 5 | C12: =Stock!C12 | D12: =Stock!D12 | E12: =SUMIF(Selection_auto!$C$2:$C$20,A12,Selection_auto!$N$2:$N$20)+SUMIF(Selection_auto!$D$2:$D$20,A12,Selection_auto!$P$2:$P$20) | F12: =SUMIF(Selection_auto!$C$2:$C$20,A12,Selection_auto!$O$2:$O$20)+SUMIF(Selection_auto!$D$2:$D$20,A12,Selection_auto!$Q$2:$Q$20) | G12: =0 | H12: =0 | I12: =E12+G12 | J12: =F12+H12 | K12: =I12+J12 | L12: =IFERROR(VLOOKUP(A12,Ratios_G10!$A$2:$D$22,4,FALSE),0) | M12: =IF($K$25=0,0,K12/$K$25) | N12: =M12-L12 | O12: =ROUND(L12*($K$25/2),0) | P12: =(K12/2)-O12 | Q12: =MIN(C12,D12) | R12: =ROUND(IFERROR(VLOOKUP(A12,Ratios_G10!$A$2:$F$22,4,FALSE),0)*125,0) | S12: =IF(B12=1,0,MIN(Q12,R12)) | T12: =S12*2 | U12: =Q12-R12 | V12: =IF(B12=1,"Auto-fill G1 seulement","Prendre selon stock/cible")
A13: Ebène-Orchidée | B13: 6 | C13: =Stock!C13 | D13: =Stock!D13 | E13: =SUMIF(Selection_auto!$C$2:$C$20,A13,Selection_auto!$N$2:$N$20)+SUMIF(Selection_auto!$D$2:$D$20,A13,Selection_auto!$P$2:$P$20) | F13: =SUMIF(Selection_auto!$C$2:$C$20,A13,Selection_auto!$O$2:$O$20)+SUMIF(Selection_auto!$D$2:$D$20,A13,Selection_auto!$Q$2:$Q$20) | G13: =0 | H13: =0 | I13: =E13+G13 | J13: =F13+H13 | K13: =I13+J13 | L13: =IFERROR(VLOOKUP(A13,Ratios_G10!$A$2:$D$22,4,FALSE),0) | M13: =IF($K$25=0,0,K13/$K$25) | N13: =M13-L13 | O13: =ROUND(L13*($K$25/2),0) | P13: =(K13/2)-O13 | Q13: =MIN(C13,D13) | R13: =ROUND(IFERROR(VLOOKUP(A13,Ratios_G10!$A$2:$F$22,4,FALSE),0)*125,0) | S13: =IF(B13=1,0,MIN(Q13,R13)) | T13: =S13*2 | U13: =Q13-R13 | V13: =IF(B13=1,"Auto-fill G1 seulement","Prendre selon stock/cible")
A14: Orchidée-Pourpre | B14: 6 | C14: =Stock!C14 | D14: =Stock!D14 | E14: =SUMIF(Selection_auto!$C$2:$C$20,A14,Selection_auto!$N$2:$N$20)+SUMIF(Selection_auto!$D$2:$D$20,A14,Selection_auto!$P$2:$P$20) | F14: =SUMIF(Selection_auto!$C$2:$C$20,A14,Selection_auto!$O$2:$O$20)+SUMIF(Selection_auto!$D$2:$D$20,A14,Selection_auto!$Q$2:$Q$20) | G14: =0 | H14: =0 | I14: =E14+G14 | J14: =F14+H14 | K14: =I14+J14 | L14: =IFERROR(VLOOKUP(A14,Ratios_G10!$A$2:$D$22,4,FALSE),0) | M14: =IF($K$25=0,0,K14/$K$25) | N14: =M14-L14 | O14: =ROUND(L14*($K$25/2),0) | P14: =(K14/2)-O14 | Q14: =MIN(C14,D14) | R14: =ROUND(IFERROR(VLOOKUP(A14,Ratios_G10!$A$2:$F$22,4,FALSE),0)*125,0) | S14: =IF(B14=1,0,MIN(Q14,R14)) | T14: =S14*2 | U14: =Q14-R14 | V14: =IF(B14=1,"Auto-fill G1 seulement","Prendre selon stock/cible")
A15: Indigo-Pourpre | B15: 6 | C15: =Stock!C15 | D15: =Stock!D15 | E15: =SUMIF(Selection_auto!$C$2:$C$20,A15,Selection_auto!$N$2:$N$20)+SUMIF(Selection_auto!$D$2:$D$20,A15,Selection_auto!$P$2:$P$20) | F15: =SUMIF(Selection_auto!$C$2:$C$20,A15,Selection_auto!$O$2:$O$20)+SUMIF(Selection_auto!$D$2:$D$20,A15,Selection_auto!$Q$2:$Q$20) | G15: =0 | H15: =0 | I15: =E15+G15 | J15: =F15+H15 | K15: =I15+J15 | L15: =IFERROR(VLOOKUP(A15,Ratios_G10!$A$2:$D$22,4,FALSE),0) | M15: =IF($K$25=0,0,K15/$K$25) | N15: =M15-L15 | O15: =ROUND(L15*($K$25/2),0) | P15: =(K15/2)-O15 | Q15: =MIN(C15,D15) | R15: =ROUND(IFERROR(VLOOKUP(A15,Ratios_G10!$A$2:$F$22,4,FALSE),0)*125,0) | S15: =IF(B15=1,0,MIN(Q15,R15)) | T15: =S15*2 | U15: =Q15-R15 | V15: =IF(B15=1,"Auto-fill G1 seulement","Prendre selon stock/cible")
A16: Turquoise | B16: 7 | C16: =Stock!C16 | D16: =Stock!D16 | E16: =SUMIF(Selection_auto!$C$2:$C$20,A16,Selection_auto!$N$2:$N$20)+SUMIF(Selection_auto!$D$2:$D$20,A16,Selection_auto!$P$2:$P$20) | F16: =SUMIF(Selection_auto!$C$2:$C$20,A16,Selection_auto!$O$2:$O$20)+SUMIF(Selection_auto!$D$2:$D$20,A16,Selection_auto!$Q$2:$Q$20) | G16: =0 | H16: =0 | I16: =E16+G16 | J16: =F16+H16 | K16: =I16+J16 | L16: =IFERROR(VLOOKUP(A16,Ratios_G10!$A$2:$D$22,4,FALSE),0) | M16: =IF($K$25=0,0,K16/$K$25) | N16: =M16-L16 | O16: =ROUND(L16*($K$25/2),0) | P16: =(K16/2)-O16 | Q16: =MIN(C16,D16) | R16: =ROUND(IFERROR(VLOOKUP(A16,Ratios_G10!$A$2:$F$22,4,FALSE),0)*125,0) | S16: =IF(B16=1,0,MIN(Q16,R16)) | T16: =S16*2 | U16: =Q16-R16 | V16: =IF(B16=1,"Auto-fill G1 seulement","Prendre selon stock/cible")
... A23: Prune-Emeraude | B23: 10 | C23: =Stock!C23 | D23: =Stock!D23 | E23: =SUMIF(Selection_auto!$C$2:$C$20,A23,Selection_auto!$N$2:$N$20)+SUMIF(Selection_auto!$D$2:$D$20,A23,Selection_auto!$P$2:$P$20) | F23: =SUMIF(Selection_auto!$C$2:$C$20,A23,Selection_auto!$O$2:$O$20)+SUMIF(Selection_auto!$D$2:$D$20,A23,Selection_auto!$Q$2:$Q$20) | G23: =0 | H23: =0 | I23: =E23+G23 | J23: =F23+H23 | K23: =I23+J23 | L23: =IFERROR(VLOOKUP(A23,Ratios_G10!$A$2:$D$22,4,FALSE),0) | M23: =IF($K$25=0,0,K23/$K$25) | N23: =M23-L23 | O23: =ROUND(L23*($K$25/2),0) | P23: =(K23/2)-O23 | Q23: =MIN(C23,D23) | R23: =ROUND(IFERROR(VLOOKUP(A23,Ratios_G10!$A$2:$F$22,4,FALSE),0)*125,0) | S23: =IF(B23=1,0,MIN(Q23,R23)) | T23: =S23*2 | U23: =Q23-R23 | V23: =IF(B23=1,"Auto-fill G1 seulement","Prendre selon stock/cible")
L24: =IFERROR(VLOOKUP(A24,Ratios_G10!$A$2:$D$22,4,FALSE),0) | M24: =IF($K$25=0,0,K24/$K$25) | N24: =M24-L24 | O24: =ROUND(L24*($K$25/2),0) | P24: =(K24/2)-O24 | Q24: =MIN(C24,D24) | R24: =ROUND(IFERROR(VLOOKUP(A24,Ratios_G10!$A$2:$F$22,4,FALSE),0)*125,0) | S24: =IF(B24=1,0,MIN(Q24,R24)) | T24: =S24*2 | U24: =Q24-R24 | V24: =IF(B24=1,"Auto-fill G1 seulement","Prendre selon stock/cible")
A25: TOTAL | E25: =SUM(E2:E23) | F25: =SUM(F2:F23) | G25: =SUM(G2:G23) | H25: =SUM(H2:H23) | I25: =SUM(I2:I23) | J25: =SUM(J2:J23) | K25: =SUM(K2:K23) | L25: =SUM(L2:L24) | M25: =SUM(M2:M24) | N25: =SUM(N2:N24) | O25: =SUM(O2:O24) | P25: =SUM(P2:P24) | Q25: =SUM(Q2:Q24) | R25: =SUM(R2:R24) | S25: =SUM(S2:S24) | ... U25: =SUM(U2:U24) | V25: Synthèse
A28: Récap par génération
A29: Génération | B29: Individus à prendre | C29: Paires
A30: 10 | B30: =SUMIF($B$2:$B$23,A30,$K$2:$K$23) | C30: =B30/2
A31: 9 | B31: =SUMIF($B$2:$B$23,A31,$K$2:$K$23) | C31: =B31/2
A32: 8 | B32: =SUMIF($B$2:$B$23,A32,$K$2:$K$23) | C32: =B32/2
A33: 7 | B33: =SUMIF($B$2:$B$23,A33,$K$2:$K$23) | C33: =B33/2
A34: 6 | B34: =SUMIF($B$2:$B$23,A34,$K$2:$K$23) | C34: =B34/2
A35: 5 | B35: =SUMIF($B$2:$B$23,A35,$K$2:$K$23) | C35: =B35/2
A36: 4 | B36: =SUMIF($B$2:$B$23,A36,$K$2:$K$23) | C36: =B36/2
A37: 3 | B37: =SUMIF($B$2:$B$23,A37,$K$2:$K$23) | C37: =B37/2
A38: 2 | B38: =SUMIF($B$2:$B$23,A38,$K$2:$K$23) | C38: =B38/2
A39: 1 | B39: =SUMIF($B$2:$B$23,A39,$K$2:$K$23) | C39: =B39/2
A41: Lecture des nouveaux ratios
A42: % cible G10 | B42: Part théorique optimale de chaque type si on déplie 1 G10 jusqu'aux intrants.
A43: % sélection actuelle | B43: Part réellement sélectionnée dans ton Tableau_final.
A44: Écart vs cible | B44: Positif = surreprésenté, négatif = sous-représenté par rapport au mix G10 optimal.
A46: Pilotage auto par ratios G10
A47: Ce que le fichier fait | B47: Les G2+ sont pilotés par le ratio G10 mais ne dépassent jamais ton stock.
A48: Remplissage auto | B48: Uniquement les G1, selon le ratio Amande 79 / Doré 79 / Rousse 66.
A49: Cap session | B49: 250 individus maximum, soit 125 paires maximum.
A50: Lecture conseillée | B50: Utilise d'abord Tableau_final et Plan_optimal.

Sheet Recap_creation
A1: Dragodinde créée | B1: Gen | C1: Parent 1 | D1: Parent 2 | E1: Mode retenu | F1: Paires créées | G1: Individus parents utilisés | J1: Notes
A2: =Selection_auto!A2 | B2: =Selection_auto!B2 | C2: =Selection_auto!C2 | D2: =Selection_auto!D2 | E2: =Selection_auto!L2 | F2: =Selection_auto!M2 | G2: =Selection_auto!R2 | J2: Correction des erreurs 522 : suppression des formules auto-référentes.
A3: =Selection_auto!A3 | B3: =Selection_auto!B3 | C3: =Selection_auto!C3 | D3: =Selection_auto!D3 | E3: =Selection_auto!L3 | F3: =Selection_auto!M3 | G3: =Selection_auto!R3 | J3: La planification est gloutonne : G10 vers G2.
A4: =Selection_auto!A4 | B4: =Selection_auto!B4 | C4: =Selection_auto!C4 | D4: =Selection_auto!D4 | E4: =Selection_auto!L4 | F4: =Selection_auto!M4 | G4: =Selection_auto!R4 | J4: Parents partagés comptés une seule fois.
A5: =Selection_auto!A5 | B5: =Selection_auto!B5 | C5: =Selection_auto!C5 | D5: =Selection_auto!D5 | E5: =Selection_auto!L5 | F5: =Selection_auto!M5 | G5: =Selection_auto!R5 | J5: Le manque jusqu'à 250 individus est complété par Amande / Doré / Rousse.
A6: =Selection_auto!A6 | B6: =Selection_auto!B6 | C6: =Selection_auto!C6 | D6: =Selection_auto!D6 | E6: =Selection_auto!L6 | F6: =Selection_auto!M6 | G6: =Selection_auto!R6
A7: =Selection_auto!A7 | B7: =Selection_auto!B7 | C7: =Selection_auto!C7 | D7: =Selection_auto!D7 | E7: =Selection_auto!L7 | F7: =Selection_auto!M7 | G7: =Selection_auto!R7
A8: =Selection_auto!A8 | B8: =Selection_auto!B8 | C8: =Selection_auto!C8 | D8: =Selection_auto!D8 | E8: =Selection_auto!L8 | F8: =Selection_auto!M8 | G8: =Selection_auto!R8
A9: =Selection_auto!A9 | B9: =Selection_auto!B9 | C9: =Selection_auto!C9 | D9: =Selection_auto!D9 | E9: =Selection_auto!L9 | F9: =Selection_auto!M9 | G9: =Selection_auto!R9
A10: =Selection_auto!A10 | B10: =Selection_auto!B10 | C10: =Selection_auto!C10 | D10: =Selection_auto!D10 | E10: =Selection_auto!L10 | F10: =Selection_auto!M10 | G10: =Selection_auto!R10
A11: =Selection_auto!A11 | B11: =Selection_auto!B11 | C11: =Selection_auto!C11 | D11: =Selection_auto!D11 | E11: =Selection_auto!L11 | F11: =Selection_auto!M11 | G11: =Selection_auto!R11
A12: =Selection_auto!A12 | B12: =Selection_auto!B12 | C12: =Selection_auto!C12 | D12: =Selection_auto!D12 | E12: =Selection_auto!L12 | F12: =Selection_auto!M12 | G12: =Selection_auto!R12
A13: =Selection_auto!A13 | B13: =Selection_auto!B13 | C13: =Selection_auto!C13 | D13: =Selection_auto!D13 | E13: =Selection_auto!L13 | F13: =Selection_auto!M13 | G13: =Selection_auto!R13
A14: =Selection_auto!A14 | B14: =Selection_auto!B14 | C14: =Selection_auto!C14 | D14: =Selection_auto!D14 | E14: =Selection_auto!L14 | F14: =Selection_auto!M14 | G14: =Selection_auto!R14
A15: =Selection_auto!A15 | B15: =Selection_auto!B15 | C15: =Selection_auto!C15 | D15: =Selection_auto!D15 | E15: =Selection_auto!L15 | F15: =Selection_auto!M15 | G15: =Selection_auto!R15
A16: =Selection_auto!A16 | B16: =Selection_auto!B16 | C16: =Selection_auto!C16 | D16: =Selection_auto!D16 | E16: =Selection_auto!L16 | F16: =Selection_auto!M16 | G16: =Selection_auto!R16
A17: =Selection_auto!A17 | B17: =Selection_auto!B17 | C17: =Selection_auto!C17 | D17: =Selection_auto!D17 | E17: =Selection_auto!L17 | F17: =Selection_auto!M17 | G17: =Selection_auto!R17
... A20: =Selection_auto!A20 | B20: =Selection_auto!B20 | C20: =Selection_auto!C20 | D20: =Selection_auto!D20 | E20: =Selection_auto!L20 | F20: =Selection_auto!M20 | G20: =Selection_auto!R20
A23: Résumé des créations par génération
A24: Génération | B24: Dragodindes créées
A25: 10 | B25: =SUMIF($B$2:$B$20,A25,$F$2:$F$20)
A26: 9 | B26: =SUMIF($B$2:$B$20,A26,$F$2:$F$20)
A27: 8 | B27: =SUMIF($B$2:$B$20,A27,$F$2:$F$20)
A28: 7 | B28: =SUMIF($B$2:$B$20,A28,$F$2:$F$20)
A29: 6 | B29: =SUMIF($B$2:$B$20,A29,$F$2:$F$20)
A30: 5 | B30: =SUMIF($B$2:$B$20,A30,$F$2:$F$20)
A31: 4 | B31: =SUMIF($B$2:$B$20,A31,$F$2:$F$20)
A32: 3 | B32: =SUMIF($B$2:$B$20,A32,$F$2:$F$20)
A33: 2 | B33: =SUMIF($B$2:$B$20,A33,$F$2:$F$20)

Sheet Controle
A1: Contrôle | B1: Valeur
A2: Individus planifiés depuis croisements | B2: =Selection_auto!U2
A3: Paires G1 ajoutées | B3: =Selection_auto!V2
A4: Individus ajoutés G1 | B4: =Selection_auto!V2*2
A5: Total individus à prendre | B5: =Tableau_final!K25
A6: Objectif | B6: =Stock!G2
A7: Écart | B7: =B5-B6

Sheet Ratios_G10
A1: Dragodinde | B1: Gen | C1: Occurrences pour 1 G10 | D1: % cible individus | E1: Paires cibles sur 125 | F1: Individus cibles sur 250 | H1: Méthode | J1: Règles de sélection
A2: Emeraude | B2: 9 | C2: 1 | D2: 0.0022421525 | E2: =ROUND($D2*125,0) | F2: =ROUND($D2*250,0) | H2: Ratios calculés en dépliant 1 Prune-Emeraude jusqu'aux intrants nécessaires. | J2: 1) Maximum 250 individus par session (125 paires).
A3: Prune | B3: 9 | C3: 1 | D3: 0.0022421525 | E3: =ROUND($D3*125,0) | F3: =ROUND($D3*250,0) | H3: Cela donne le mix optimal théorique pour accélérer la montée vers G10. | J3: 2) Les ratios G10 pilotent la part idéale du stock utilisé.
A4: Ivoire-Pourpre | B4: 8 | C4: 1 | D4: 0.0022421525 | E4: =ROUND($D4*125,0) | F4: =ROUND($D4*250,0) | H4: Le ratio G1 79 / 79 / 66 est inclus dans ce calcul global. | J4: 3) Le remplissage auto ne concerne QUE les G1.
A5: Ivoire-Turquoise | B5: 8 | C5: 2 | D5: 0.0044843049 | E5: =ROUND($D5*125,0) | F5: =ROUND($D5*250,0) | H5: Ces % servent de cible de stock / sélection, pas de garantie de résultat RNG. | J5: 4) Les G2+ sont toujours limités au stock réel disponible.
A6: Turquoise-Orchidée | B6: 8 | C6: 1 | D6: 0.0022421525 | E6: =ROUND($D6*125,0) | F6: =ROUND($D6*250,0)
A7: Ivoire | B7: 7 | C7: 3 | D7: 0.0067264574 | E7: =ROUND($D7*125,0) | F7: =ROUND($D7*250,0)
A8: Turquoise | B8: 7 | C8: 3 | D8: 0.0067264574 | E8: =ROUND($D8*125,0) | F8: =ROUND($D8*250,0)
A9: Ebène-Orchidée | B9: 6 | C9: 3 | D9: 0.0067264574 | E9: =ROUND($D9*125,0) | F9: =ROUND($D9*250,0)
A10: Indigo-Pourpre | B10: 6 | C10: 3 | D10: 0.0067264574 | E10: =ROUND($D10*125,0) | F10: =ROUND($D10*250,0)
A11: Orchidée-Pourpre | B11: 6 | C11: 6 | D11: 0.013452915 | E11: =ROUND($D11*125,0) | F11: =ROUND($D11*250,0)
A12: Orchidée | B12: 5 | C12: 10 | D12: 0.022421525 | E12: =ROUND($D12*125,0) | F12: =ROUND($D12*250,0)
A13: Pourpre | B13: 5 | C13: 10 | D13: 0.022421525 | E13: =ROUND($D13*125,0) | F13: =ROUND($D13*250,0)
A14: Ebène-Indigo | B14: 4 | C14: 20 | D14: 0.044843049 | E14: =ROUND($D14*125,0) | F14: =ROUND($D14*250,0)
A15: Ebène | B15: 3 | C15: 23 | D15: 0.051569507 | E15: =ROUND($D15*125,0) | F15: =ROUND($D15*250,0)
A16: Indigo | B16: 3 | C16: 23 | D16: 0.051569507 | E16: =ROUND($D16*125,0) | F16: =ROUND($D16*250,0)
A17: Amande-Doré | B17: 2 | C17: 46 | D17: 0.10313901 | E17: =ROUND($D17*125,0) | F17: =ROUND($D17*250,0)
... A22: Rousse | B22: 1 | C22: 66 | D22: 0.14798206 | E22: =ROUND($D22*125,0) | F22: =ROUND($D22*250,0)
A23: TOTAL | C23: 446 | D23: =SUM(D2:D22) | E23: =SUM(E2:E22) | F23: =SUM(F2:F22)
A26: Récapitulatif par génération
A27: Génération | B27: Occurrences | C27: % cible
A28: 10 | B28: 0 | C28: 0
A29: 9 | B29: 2 | C29: 0.0044843049
A30: 8 | B30: 4 | C30: 0.0089686099
A31: 7 | B31: 6 | C31: 0.013452915
A32: 6 | B32: 12 | C32: 0.02690583
A33: 5 | B33: 20 | C33: 0.044843049
A34: 4 | B34: 20 | C34: 0.044843049
A35: 3 | B35: 46 | C35: 0.10313901
A36: 2 | B36: 112 | C36: 0.25112108
A37: 1 | B37: 224 | C37: 0.50224215

Sheet Plan_optimal
A1: Dragodinde | B1: Gen | C1: Mâles à prendre | D1: Femelles à prendre | E1: Paires prises | F1: Source | G1: % cible G10 | H1: Commentaire | J1: Contrôles
A2: =Tableau_final!A2 | B2: =Tableau_final!B2 | C2: =Tableau_final!I2 | D2: =Tableau_final!J2 | E2: =Tableau_final!K2/2 | F2: =IF(B2=1,"Auto-fill G1","Stock réel") | G2: =Tableau_final!L2 | H2: =IF(B2=1,"Complément auto G1 uniquement","Limité au stock dispo") | J2: Total individus | K2: =C26+D26
A3: =Tableau_final!A3 | B3: =Tableau_final!B3 | C3: =Tableau_final!I3 | D3: =Tableau_final!J3 | E3: =Tableau_final!K3/2 | F3: =IF(B3=1,"Auto-fill G1","Stock réel") | G3: =Tableau_final!L3 | H3: =IF(B3=1,"Complément auto G1 uniquement","Limité au stock dispo") | J3: Maximum autorisé | K3: 250
A4: =Tableau_final!A4 | B4: =Tableau_final!B4 | C4: =Tableau_final!I4 | D4: =Tableau_final!J4 | E4: =Tableau_final!K4/2 | F4: =IF(B4=1,"Auto-fill G1","Stock réel") | G4: =Tableau_final!L4 | H4: =IF(B4=1,"Complément auto G1 uniquement","Limité au stock dispo") | J4: Écart | K4: =K2-K3
A5: =Tableau_final!A5 | B5: =Tableau_final!B5 | C5: =Tableau_final!I5 | D5: =Tableau_final!J5 | E5: =Tableau_final!K5/2 | F5: =IF(B5=1,"Auto-fill G1","Stock réel") | G5: =Tableau_final!L5 | H5: =IF(B5=1,"Complément auto G1 uniquement","Limité au stock dispo") | J5: Règle | K5: Le remplissage auto ne s'applique qu'aux G1.
A6: =Tableau_final!A6 | B6: =Tableau_final!B6 | C6: =Tableau_final!I6 | D6: =Tableau_final!J6 | E6: =Tableau_final!K6/2 | F6: =IF(B6=1,"Auto-fill G1","Stock réel") | G6: =Tableau_final!L6 | H6: =IF(B6=1,"Complément auto G1 uniquement","Limité au stock dispo")
A7: =Tableau_final!A7 | B7: =Tableau_final!B7 | C7: =Tableau_final!I7 | D7: =Tableau_final!J7 | E7: =Tableau_final!K7/2 | F7: =IF(B7=1,"Auto-fill G1","Stock réel") | G7: =Tableau_final!L7 | H7: =IF(B7=1,"Complément auto G1 uniquement","Limité au stock dispo")
A8: =Tableau_final!A8 | B8: =Tableau_final!B8 | C8: =Tableau_final!I8 | D8: =Tableau_final!J8 | E8: =Tableau_final!K8/2 | F8: =IF(B8=1,"Auto-fill G1","Stock réel") | G8: =Tableau_final!L8 | H8: =IF(B8=1,"Complément auto G1 uniquement","Limité au stock dispo")
A9: =Tableau_final!A9 | B9: =Tableau_final!B9 | C9: =Tableau_final!I9 | D9: =Tableau_final!J9 | E9: =Tableau_final!K9/2 | F9: =IF(B9=1,"Auto-fill G1","Stock réel") | G9: =Tableau_final!L9 | H9: =IF(B9=1,"Complément auto G1 uniquement","Limité au stock dispo")
A10: =Tableau_final!A10 | B10: =Tableau_final!B10 | C10: =Tableau_final!I10 | D10: =Tableau_final!J10 | E10: =Tableau_final!K10/2 | F10: =IF(B10=1,"Auto-fill G1","Stock réel") | G10: =Tableau_final!L10 | H10: =IF(B10=1,"Complément auto G1 uniquement","Limité au stock dispo")
A11: =Tableau_final!A11 | B11: =Tableau_final!B11 | C11: =Tableau_final!I11 | D11: =Tableau_final!J11 | E11: =Tableau_final!K11/2 | F11: =IF(B11=1,"Auto-fill G1","Stock réel") | G11: =Tableau_final!L11 | H11: =IF(B11=1,"Complément auto G1 uniquement","Limité au stock dispo")
A12: =Tableau_final!A12 | B12: =Tableau_final!B12 | C12: =Tableau_final!I12 | D12: =Tableau_final!J12 | E12: =Tableau_final!K12/2 | F12: =IF(B12=1,"Auto-fill G1","Stock réel") | G12: =Tableau_final!L12 | H12: =IF(B12=1,"Complément auto G1 uniquement","Limité au stock dispo")
A13: =Tableau_final!A13 | B13: =Tableau_final!B13 | C13: =Tableau_final!I13 | D13: =Tableau_final!J13 | E13: =Tableau_final!K13/2 | F13: =IF(B13=1,"Auto-fill G1","Stock réel") | G13: =Tableau_final!L13 | H13: =IF(B13=1,"Complément auto G1 uniquement","Limité au stock dispo")
A14: =Tableau_final!A14 | B14: =Tableau_final!B14 | C14: =Tableau_final!I14 | D14: =Tableau_final!J14 | E14: =Tableau_final!K14/2 | F14: =IF(B14=1,"Auto-fill G1","Stock réel") | G14: =Tableau_final!L14 | H14: =IF(B14=1,"Complément auto G1 uniquement","Limité au stock dispo")
A15: =Tableau_final!A15 | B15: =Tableau_final!B15 | C15: =Tableau_final!I15 | D15: =Tableau_final!J15 | E15: =Tableau_final!K15/2 | F15: =IF(B15=1,"Auto-fill G1","Stock réel") | G15: =Tableau_final!L15 | H15: =IF(B15=1,"Complément auto G1 uniquement","Limité au stock dispo")
A16: =Tableau_final!A16 | B16: =Tableau_final!B16 | C16: =Tableau_final!I16 | D16: =Tableau_final!J16 | E16: =Tableau_final!K16/2 | F16: =IF(B16=1,"Auto-fill G1","Stock réel") | G16: =Tableau_final!L16 | H16: =IF(B16=1,"Complément auto G1 uniquement","Limité au stock dispo")
A17: =Tableau_final!A17 | B17: =Tableau_final!B17 | C17: =Tableau_final!I17 | D17: =Tableau_final!J17 | E17: =Tableau_final!K17/2 | F17: =IF(B17=1,"Auto-fill G1","Stock réel") | G17: =Tableau_final!L17 | H17: =IF(B17=1,"Complément auto G1 uniquement","Limité au stock dispo")
... A24: =Tableau_final!A24 | B24: =Tableau_final!B24 | C24: =Tableau_final!I24 | D24: =Tableau_final!J24 | E24: =Tableau_final!K24/2 | F24: =IF(B24=1,"Auto-fill G1","Stock réel") | G24: =Tableau_final!L24 | H24: =IF(B24=1,"Complément auto G1 uniquement","Limité au stock dispo")
A26: TOTAL | C26: =SUM(C2:C24) | D26: =SUM(D2:D24) | E26: =SUM(E2:E24)
